{"cameraMode":{"drawMode":0,"name":"Shaded","section":"Shading Mode"},"sceneLighting":false,"audioPlay":false,"sceneViewState":{"m_AlwaysRefresh":false,"showFog":true,"showSkybox":true,"showFlares":true,"showImageEffects":true,"showParticleSystems":true,"showVisualEffectGraphs":true,"m_FxEnabled":true},"in2DMode":false,"pivot":{"x":4.045328617095947,"y":15.068987846374512,"z":34.17689514160156},"rotation":{"x":-0.0005646935314871371,"y":0.9993871450424194,"z":0.03868672996759415,"w":0.0062672290951013569},"size":1.284389853477478,"orthographic":false}