{"cameraMode":{"drawMode":0,"name":"Shaded","section":"Shading Mode"},"sceneLighting":false,"audioPlay":false,"sceneViewState":{"m_AlwaysRefresh":false,"showFog":true,"showSkybox":true,"showFlares":true,"showImageEffects":true,"showParticleSystems":true,"showVisualEffectGraphs":true,"m_FxEnabled":true},"in2DMode":false,"pivot":{"x":-8.24661636352539,"y":1.8165431022644044,"z":24.97355079650879},"rotation":{"x":0.01033326517790556,"y":0.1725253313779831,"z":0.0018134688725695015,"w":-0.9849743247032166},"size":15.529693603515625,"orthographic":false}