{"cameraMode":{"drawMode":0,"name":"Shaded","section":"Shading Mode"},"sceneLighting":false,"audioPlay":false,"sceneViewState":{"m_AlwaysRefresh":false,"showFog":true,"showSkybox":true,"showFlares":true,"showImageEffects":true,"showParticleSystems":true,"showVisualEffectGraphs":true,"m_FxEnabled":true},"in2DMode":false,"pivot":{"x":0.24451673030853272,"y":0.38937532901763918,"z":22.636009216308595},"rotation":{"x":-0.09623337537050247,"y":0.2260902225971222,"z":-0.0226296316832304,"w":-0.9692025184631348},"size":2.111966848373413,"orthographic":false}