{"cameraMode":{"drawMode":0,"name":"Shaded","section":"Shading Mode"},"sceneLighting":false,"audioPlay":false,"sceneViewState":{"m_AlwaysRefresh":false,"showFog":true,"showSkybox":true,"showFlares":true,"showImageEffects":true,"showParticleSystems":true,"showVisualEffectGraphs":true,"m_FxEnabled":true},"in2DMode":false,"pivot":{"x":290.71551513671877,"y":-382.2747802734375,"z":-173.15115356445313},"rotation":{"x":0.18640872836112977,"y":0.8062350153923035,"z":-0.33186987042427065,"w":0.4538325071334839},"size":335.15435791015627,"orthographic":false}